Campaign,Campaign Status,Campaign Type,Campaign Daily Budget,Bid Strategy Type,Ad Group,Ad Group Status,Default Max CPC,Keyword,Keyword Match Type,Max CPC,Ad Type,Final URL,Path 1,Path 2,Headline 1,Headline 2,Headline 3,Headline 4,Headline 5,Headline 6,Headline 7,Headline 8,Headline 9,Headline 10,Headline 11,Headline 12,Headline 13,Headline 14,Headline 15,Description 1,Description 2,Description 3,Description 4,Status
Campaign B - Psychic Readings,Enabled,Search,40.00,Manual CPC,,,,,,,,,,,,,,,,,,,,,,,,,,,,,,,,,,Enabled
Campaign B - Psychic Readings,,,,,AG1 - Psychic Business Consultation,Enabled,2.50,,,,,,,,,,,,,,,,,,,,,,,,,,,,,,,,,,Enabled
Campaign B - Psychic Readings,,,,,AG1 - Psychic Business Consultation,,,psychic business consultation,Exact,3.00,,,,,,,,,,,,,,,,,,,,,,,,,,,,,,,,,,Enabled
Campaign B - Psychic Readings,,,,,AG1 - Psychic Business Consultation,,,psychic business consultation,Phrase,2.00,,,,,,,,,,,,,,,,,,,,,,,,,,,,,,,,,,Enabled
Campaign B - Psychic Readings,,,,,AG1 - Psychic Business Consultation,,,psychic business consultation,Broad,1.50,,,,,,,,,,,,,,,,,,,,,,,,,,,,,,,,,,Enabled
Campaign B - Psychic Readings,,,,,AG1 - Psychic Business Consultation,,,,,,Responsive search ad,https://businesswealthkey.com/services/psychic-consultations,Psychic,Business,Psychic Business Consultation,Private Online Sessions,Book Your Consultation Today,Expert Business Psychic,Clarity for Your Business,Private Psychic Guidance,For Entrepreneurs & Executives,Worldwide Online Sessions,Confidential & Discreet,Trusted Business Psychic,Genuine Business Insights,Deep Business Clarity,Transform Your Business Path,Begin Your Consultation,Spiritual Business Experts,Private psychic business consultations that provide genuine clarity and strategic insight.,Online sessions for entrepreneurs and executives. Worldwide availability.,Get real answers on your business challenges from an experienced spiritual consultant.,Confidential. Private. Genuine. Book your psychic business consultation today.,Enabled
Campaign B - Psychic Readings,,,,,AG2 - Online Psychic Reading,Enabled,2.50,,,,,,,,,,,,,,,,,,,,,,,,,,,,,,,,,,Enabled
Campaign B - Psychic Readings,,,,,AG2 - Online Psychic Reading,,,online psychic reading,Exact,3.00,,,,,,,,,,,,,,,,,,,,,,,,,,,,,,,,,,Enabled
Campaign B - Psychic Readings,,,,,AG2 - Online Psychic Reading,,,online psychic reading,Phrase,2.00,,,,,,,,,,,,,,,,,,,,,,,,,,,,,,,,,,Enabled
Campaign B - Psychic Readings,,,,,AG2 - Online Psychic Reading,,,online psychic readings,Exact,3.00,,,,,,,,,,,,,,,,,,,,,,,,,,,,,,,,,,Enabled
Campaign B - Psychic Readings,,,,,AG2 - Online Psychic Reading,,,online psychic readings,Phrase,2.00,,,,,,,,,,,,,,,,,,,,,,,,,,,,,,,,,,Enabled
Campaign B - Psychic Readings,,,,,AG2 - Online Psychic Reading,,,online psychic reading,Broad,1.50,,,,,,,,,,,,,,,,,,,,,,,,,,,,,,,,,,Enabled
Campaign B - Psychic Readings,,,,,AG2 - Online Psychic Reading,,,,,,Responsive search ad,https://businesswealthkey.com/services/psychic-consultations,Online,Psychic,Online Psychic Reading,Book a Private Session Today,Accurate Business Readings,Psychic Business Insights,Private Online Sessions,For Business & Executives,Worldwide Online Availability,Genuine Psychic Readings,Deep Business Clarity,Trusted Psychic Specialists,Confidential Readings,Business-Focused Readings,Begin Your Reading Today,Expert Spiritual Guidance,Private Readings Available,Private online psychic readings for business owners and executives worldwide.,Get genuine insight into your business future. Confidential sessions. Book today.,Accurate psychic readings focused on business success and financial growth.,Available online worldwide. Business-focused readings from trusted specialists.,Enabled
Campaign B - Psychic Readings,,,,,AG3 - Spiritual Medium,Enabled,2.50,,,,,,,,,,,,,,,,,,,,,,,,,,,,,,,,,,Enabled
Campaign B - Psychic Readings,,,,,AG3 - Spiritual Medium,,,spiritual medium,Exact,3.00,,,,,,,,,,,,,,,,,,,,,,,,,,,,,,,,,,Enabled
Campaign B - Psychic Readings,,,,,AG3 - Spiritual Medium,,,spiritual medium,Phrase,2.00,,,,,,,,,,,,,,,,,,,,,,,,,,,,,,,,,,Enabled
Campaign B - Psychic Readings,,,,,AG3 - Spiritual Medium,,,spiritual medium reading,Exact,3.00,,,,,,,,,,,,,,,,,,,,,,,,,,,,,,,,,,Enabled
Campaign B - Psychic Readings,,,,,AG3 - Spiritual Medium,,,spiritual medium reading,Phrase,2.00,,,,,,,,,,,,,,,,,,,,,,,,,,,,,,,,,,Enabled
Campaign B - Psychic Readings,,,,,AG3 - Spiritual Medium,,,spiritual medium,Broad,1.50,,,,,,,,,,,,,,,,,,,,,,,,,,,,,,,,,,Enabled
Campaign B - Psychic Readings,,,,,AG3 - Spiritual Medium,,,,,,Responsive search ad,https://businesswealthkey.com/services/psychic-consultations,Spiritual,Medium,Spiritual Medium Reading,Business Clarity & Guidance,Private Consultation Sessions,Expert Spiritual Medium,For Business Professionals,Online Sessions Worldwide,Deep Spiritual Guidance,Private & Confidential,Genuine Medium Readings,Trusted Spiritual Specialist,Business & Financial Clarity,Worldwide Online Sessions,Personalised Medium Sessions,Begin Your Journey Today,Clear Business Direction,Expert spiritual medium consultations focused on business clarity and financial direction.,Private sessions for entrepreneurs and corporations. Online worldwide.,Get genuine direction from an experienced spiritual medium. Confidential service.,Business-focused spiritual medium readings online. Book your session today.,Enabled
Campaign B - Psychic Readings,,,,,AG4 - Best Online Psychic,Enabled,2.50,,,,,,,,,,,,,,,,,,,,,,,,,,,,,,,,,,Enabled
Campaign B - Psychic Readings,,,,,AG4 - Best Online Psychic,,,best online psychic,Exact,3.00,,,,,,,,,,,,,,,,,,,,,,,,,,,,,,,,,,Enabled
Campaign B - Psychic Readings,,,,,AG4 - Best Online Psychic,,,best online psychic,Phrase,2.00,,,,,,,,,,,,,,,,,,,,,,,,,,,,,,,,,,Enabled
Campaign B - Psychic Readings,,,,,AG4 - Best Online Psychic,,,best psychic online,Exact,3.00,,,,,,,,,,,,,,,,,,,,,,,,,,,,,,,,,,Enabled
Campaign B - Psychic Readings,,,,,AG4 - Best Online Psychic,,,best psychic online,Phrase,2.00,,,,,,,,,,,,,,,,,,,,,,,,,,,,,,,,,,Enabled
Campaign B - Psychic Readings,,,,,AG4 - Best Online Psychic,,,best online psychic,Broad,1.50,,,,,,,,,,,,,,,,,,,,,,,,,,,,,,,,,,Enabled
Campaign B - Psychic Readings,,,,,AG4 - Best Online Psychic,,,,,,Responsive search ad,https://businesswealthkey.com/services/psychic-consultations,Best,Psychic,Best Online Psychic,Trusted Psychic Worldwide,Book Your Session Today,Trusted Psychic Specialists,Expert Business Psychic,Worldwide Online Sessions,Genuine Business Readings,Private & Confidential,For Entrepreneurs Worldwide,Clear Business Guidance,Results-Focused Readings,Trusted by Business Leaders,Private Psychic Sessions,Begin Your Journey Today,Accurate Business Insights,Trusted by entrepreneurs and executives worldwide. Private psychic business consultations.,Get genuine clarity from a trusted online psychic specialising in business guidance.,Accurate. Private. Confidential. Book your online psychic reading for business today.,Business-focused psychic consultations available online worldwide. Book now.,Enabled
