Keyword,Currency,Segmentation,Avg. monthly searches,Three month change,YoY change,Competition,Competition (indexed value),Top of page bid (low range),Top of page bid (high range),Ad impression share,Organic average position,Organic impression share,In Account,Searches: Jun 2025,Searches: Jul 2025,Searches: Aug 2025,Searches: Sep 2025,Searches: Oct 2025,Searches: Nov 2025,Searches: Dec 2025,Searches: Jan 2026,Searches: Feb 2026,Searches: Mar 2026,Searches: Apr 2026,Searches: May 2026
money rituals,USD,,5000,0%,0%,Low,20,0.12,1.28,,,,,,,,,,,,,,,,
remove all negative blockages,USD,,5000,0%,0%,Low,1,0.14,0.79,,,,,,,,,,,,,,,,
buy yourself the f lilies,USD,,500,0%,0%,Low,21,0.18,1.46,,,,,,,,,,,,,,,,
buy yourself the lilies,USD,,500,-90%,-90%,Low,11,0.14,1.56,,,,,,,,,,,,,,,,
chakra blockage removal,USD,,500,0%,0%,Medium,37,0.03,1.16,,,,,,,,,,,,,,,,
energy blockage removal,USD,,500,0%,0%,Low,10,0.03,1.42,,,,,,,,,,,,,,,,
financial blockage removal,USD,,500,0%,0%,Low,4,0.28,3.8,,,,,,,,,,,,,,,,
life rituals,USD,,500,0%,0%,Medium,51,0.22,3.83,,,,,,,,,,,,,,,,
luck rituals,USD,,500,0%,0%,Low,3,0.2,1,,,,,,,,,,,,,,,,
remove negative blockages,USD,,500,0%,0%,Medium,57,0.2,1.68,,,,,,,,,,,,,,,,
remove spiritual blockages,USD,,500,0%,0%,Low,24,0.39,4.78,,,,,,,,,,,,,,,,
rituals for good luck,USD,,500,0%,0%,Low,6,0.18,1.26,,,,,,,,,,,,,,,,
root chakra blockage removal,USD,,500,900%,900%,Low,11,0.02,0.38,,,,,,,,,,,,,,,,
routine ritual,USD,,500,0%,0%,Low,15,0.26,0.94,,,,,,,,,,,,,,,,
spiritual blockage removal,USD,,500,0%,0%,Low,24,0.39,4.78,,,,,,,,,,,,,,,,
spiritual prosperity,USD,,500,0%,0%,Low,1,0.06,0.15,,,,,,,,,,,,,,,,
success ritual,USD,,500,0%,0%,Low,4,0.09,0.71,,,,,,,,,,,,,,,,
wealth rituals,USD,,500,0%,0%,Low,15,0.09,1.68,,,,,,,,,,,,,,,,
21 rituals to change your life,USD,,50,0%,0%,Medium,66,0.01,0.11,,,,,,,,,,,,,,,,
cinnamon wealth ritual,USD,,50,0%,0%,Low,0,,,,,,,,,,,,,,,,,,
creating rituals in your life,USD,,50,0%,0%,Medium,39,,,,,,,,,,,,,,,,,,
daily manifestation ritual,USD,,50,0%,0%,Low,0,,,,,,,,,,,,,,,,,,
daily rituals for success,USD,,50,0%,0%,Low,0,,,,,,,,,,,,,,,,,,
daily rituals of lifetime growth,USD,,50,0%,0%,Low,17,,,,,,,,,,,,,,,,,,
daily rituals of lifetime growth book sarah,USD,,50,0%,0%,,,,,,,,,,,,,,,,,,,,
daily rituals to improve your life,USD,,50,0%,0%,Low,0,0.18,2.72,,,,,,,,,,,,,,,,
daily routine and rituals,USD,,50,0%,0%,Low,7,,,,,,,,,,,,,,,,,,
good luck rituals for business,USD,,50,?,0%,Low,0,,,,,,,,,,,,,,,,,,
goodluck rituals,USD,,50,0%,0%,Low,1,,,,,,,,,,,,,,,,,,
how to clear energy blockages in the body,USD,,50,0%,0%,Low,28,0.12,6.29,,,,,,,,,,,,,,,,
how to remove abundance blocks,USD,,50,0%,0%,Low,2,,,,,,,,,,,,,,,,,,
how to remove energy blockages,USD,,50,0%,0%,Low,7,0.05,1.25,,,,,,,,,,,,,,,,
how to remove negative blockages,USD,,50,0%,0%,Low,10,,,,,,,,,,,,,,,,,,
how to remove spiritual blockage,USD,,50,0%,-90%,Low,13,,,,,,,,,,,,,,,,,,
how to remove subconscious blockages,USD,,50,0%,0%,Low,3,,,,,,,,,,,,,,,,,,
luck rituals for business,USD,,50,-100%,0%,,,,,,,,,,,,,,,,,,,,
prosperity spiritual meaning,USD,,50,0%,0%,Low,0,,,,,,,,,,,,,,,,,,
remove abundance blocks,USD,,50,0%,-90%,Low,0,,,,,,,,,,,,,,,,,,
remove spiritual blockage,USD,,50,0%,0%,Low,21,,,,,,,,,,,,,,,,,,
ritual for business success,USD,,50,0%,-90%,Low,6,,,,,,,,,,,,,,,,,,
ritual for money amulet,USD,,50,0%,0%,,,,,,,,,,,,,,,,,,,,
ritual to become rich,USD,,50,0%,0%,Low,5,,,,,,,,,,,,,,,,,,
rituals for good fortune,USD,,50,0%,0%,Medium,40,,,,,,,,,,,,,,,,,,
rituals in everyday life,USD,,50,0%,0%,Low,16,,,,,,,,,,,,,,,,,,
rituals that bring good luck,USD,,50,0%,0%,Low,5,,,,,,,,,,,,,,,,,,
rituals to attract wealth,USD,,50,0%,0%,Low,1,,,,,,,,,,,,,,,,,,
satanic rituals for wealth,USD,,50,0%,0%,Low,6,,,,,,,,,,,,,,,,,,
spiritual money rituals,USD,,50,0%,0%,Low,30,0.07,0.63,,,,,,,,,,,,,,,,
spiritual prosperity meaning,USD,,50,0%,0%,Low,0,,,,,,,,,,,,,,,,,,
spiritual prosperity scriptures,USD,,50,0%,0%,Low,0,,,,,,,,,,,,,,,,,,
spiritual rituals for money,USD,,50,0%,0%,Low,30,0.07,0.63,,,,,,,,,,,,,,,,
spiritual rituals for success,USD,,50,0%,0%,Low,2,,,,,,,,,,,,,,,,,,
