Location report,,,,,,,,,,
12 June 2026 - 12 June 2026,,,,,,,,,,
Location,Bid adj.,Clicks,Impr.,CTR,Currency code,Avg. CPC,Cost,Conv. rate,Conversions,Cost / conv.
"Ahtari, South Ostrobothnia, Finland", --,0,0, --,USD,0,0,0.00%,0,0
"Sechura Province, Piura, Peru", --,0,0, --,USD,0,0,0.00%,0,0
"Singapore River, Singapore", --,0,0, --,USD,0,0,0.00%,0,0
"Pohja-Parnumaa Parish, Parnu County, Estonia", --,0,0, --,USD,0,0,0.00%,0,0
"Liperi, North Karelia, Finland", --,0,0, --,USD,0,0,0.00%,0,0
"Kuortane, South Ostrobothnia, Finland", --,0,0, --,USD,0,0,0.00%,0,0
"Alto Amazonas Province, Loreto, Peru", --,0,0, --,USD,0,0,0.00%,0,0
"Ringerike Municipality, Buskerud, Norway", --,0,0, --,USD,0,0,0.00%,0,0
"Auvergne-Rhone-Alpes, France", --,0,0, --,USD,0,0,0.00%,0,0
"5412, Vestland, Norway", --,0,0, --,USD,0,0,0.00%,0,0
"Porto Alegre, State of Rio Grande do Sul, Brazil", --,0,0, --,USD,0,0,0.00%,0,0
"Corrientes Province, Argentina", --,0,0, --,USD,0,0,0.00%,0,0
"Mendoza Province, Argentina", --,0,0, --,USD,0,0,0.00%,0,0
"Suceava County, Romania", --,0,0, --,USD,0,0,0.00%,0,0
"Bjerkreim Municipality, Rogaland, Norway", --,0,0, --,USD,0,0,0.00%,0,0
"Sigdal Municipality, Buskerud, Norway", --,0,0, --,USD,0,0,0.00%,0,0
"Solund Municipality, Vestland, Norway", --,0,0, --,USD,0,0,0.00%,0,0
"Eidsvoll Municipality, Akershus, Norway", --,0,0, --,USD,0,0,0.00%,0,0
"Nordland, Norway", --,0,0, --,USD,0,0,0.00%,0,0
"Farsund Municipality, Agder, Norway", --,0,0, --,USD,0,0,0.00%,0,0
"83960, North Karelia, Finland", --,0,0, --,USD,0,0,0.00%,0,0
"Tysvaer, Rogaland, Norway", --,0,0, --,USD,0,0,0.00%,0,0
"Kauhava, South Ostrobothnia, Finland", --,0,0, --,USD,0,0,0.00%,0,0
"Sogne Municipality, Agder, Norway", --,0,0, --,USD,0,0,0.00%,0,0
Norway, --,0,0, --,USD,0,0,0.00%,0,0
"Kuopio, North Savo, Finland", --,0,0, --,USD,0,0,0.00%,0,0
"Ullensaker Municipality, Akershus, Norway", --,0,0, --,USD,0,0,0.00%,0,0
"Apure, Venezuela", --,0,0, --,USD,0,0,0.00%,0,0
"Karmoy, Rogaland, Norway", --,0,0, --,USD,0,0,0.00%,0,0
"62200, South Ostrobothnia, Finland", --,0,0, --,USD,0,0,0.00%,0,0
"Amli Municipality, Agder, Norway", --,0,0, --,USD,0,0,0.00%,0,0
"Rollag Municipality, Buskerud, Norway", --,0,0, --,USD,0,0,0.00%,0,0
"2634, Innlandet, Norway", --,0,0, --,USD,0,0,0.00%,0,0
"Greater Poland Voivodeship, Poland", --,0,0, --,USD,0,0,0.00%,0,0
"Tinn Municipality, Telemark, Norway", --,0,0, --,USD,0,0,0.00%,0,0
"Meldal Municipality, Trondelag, Norway", --,0,0, --,USD,0,0,0.00%,0,0
Monaco, --,0,0, --,USD,0,0,0.00%,0,0
"Vindafjord Municipality, Rogaland, Norway", --,0,0, --,USD,0,0,0.00%,0,0
"Stord Municipality, Vestland, Norway", --,0,0, --,USD,0,0,0.00%,0,0
"Lieksa, North Karelia, Finland", --,0,0, --,USD,0,0,0.00%,0,0
Czechia, --,0,0, --,USD,0,0,0.00%,0,0
South Korea, --,0,0, --,USD,0,0,0.00%,0,0
"Trysil Municipality, Innlandet, Norway", --,0,0, --,USD,0,0,0.00%,0,0
Estonia, --,0,0, --,USD,0,0,0.00%,0,0
Nicaragua, --,0,0, --,USD,0,0,0.00%,0,0
"Kvinesdal Municipality, Agder, Norway", --,0,0, --,USD,0,0,0.00%,0,0
Bosnia and Herzegovina, --,0,0, --,USD,0,0,0.00%,0,0
"Hauts-de-France, France", --,0,0, --,USD,0,0,0.00%,0,0
"Iveland Municipality, Agder, Norway", --,0,0, --,USD,0,0,0.00%,0,0
Bulgaria, --,0,0, --,USD,0,0,0.00%,0,0
Sor-Fron, --,0,0, --,USD,0,0,0.00%,0,0
Qatar, --,0,0, --,USD,0,0,0.00%,0,0
Malaysia, --,0,0, --,USD,0,0,0.00%,0,0
Slovakia, --,0,0, --,USD,0,0,0.00%,0,0
"Buenos Aires Province, Argentina", --,0,0, --,USD,0,0,0.00%,0,0
"Al Municipality, Buskerud, Norway", --,0,0, --,USD,0,0,0.00%,0,0
"3512, Buskerud, Norway", --,0,0, --,USD,0,0,0.00%,0,0
Mexico, --,0,0, --,USD,0,0,0.00%,0,0
"Meraker, Trondelag, Norway", --,0,0, --,USD,0,0,0.00%,0,0
"Vichada, Colombia", --,0,0, --,USD,0,0,0.00%,0,0
"4329, Rogaland, Norway", --,0,0, --,USD,0,0,0.00%,0,0
"Orkland, Trondelag, Norway", --,0,0, --,USD,0,0,0.00%,0,0
"Karmoy, Rogaland, Norway", --,0,0, --,USD,0,0,0.00%,0,0
"Bourgogne-Franche-Comte, France", --,0,0, --,USD,0,0,0.00%,0,0
"6887, Vestland, Norway", --,0,0, --,USD,0,0,0.00%,0,0
"Kvam Municipality, Vestland, Norway", --,0,0, --,USD,0,0,0.00%,0,0
"Kristiansand, Agder, Norway", --,0,0, --,USD,0,0,0.00%,0,0
Liechtenstein, --,0,0, --,USD,0,0,0.00%,0,0
"Cherkasy Oblast, Ukraine", --,0,0, --,USD,0,0,0.00%,0,0
Iceland, --,0,0, --,USD,0,0,0.00%,0,0
"Viken, Norway", --,0,0, --,USD,0,0,0.00%,0,0
"Salta Province, Argentina", --,0,0, --,USD,0,0,0.00%,0,0
"Kirovohrad Oblast, Ukraine", --,0,0, --,USD,0,0,0.00%,0,0
United Arab Emirates, --,0,0, --,USD,0,0,0.00%,0,0
"Rennebu Municipallity, Trondelag, Norway", --,0,0, --,USD,0,0,0.00%,0,0
Austria, --,0,0, --,USD,0,0,0.00%,0,0
Greenland, --,0,0, --,USD,0,0,0.00%,0,0
Colombia, --,0,0, --,USD,0,0,0.00%,0,0
"Siauliai County, Lithuania", --,0,0, --,USD,0,0,0.00%,0,0
"Rhone-Alpes, Auvergne-Rhone-Alpes, France", --,0,0, --,USD,0,0,0.00%,0,0
"Caqueta, Colombia", --,0,0, --,USD,0,0,0.00%,0,0
"Finnoy Municipality, Rogaland, Norway", --,0,0, --,USD,0,0,0.00%,0,0
"Kryvyi Rih, Dnipropetrovsk Oblast, Ukraine", --,0,0, --,USD,0,0,0.00%,0,0
"Champagne-Ardenne, Grand Est, France", --,0,0, --,USD,0,0,0.00%,0,0
Luxembourg, --,0,0, --,USD,0,0,0.00%,0,0
"Eigersund Municipality, Rogaland, Norway", --,0,0, --,USD,0,0,0.00%,0,0
"Administrative-Territorial Units of the Left Bank of the Dniester, Moldova", --,0,0, --,USD,0,0,0.00%,0,0
"Bokn Municipality, Rogaland, Norway", --,0,0, --,USD,0,0,0.00%,0,0
"Puumala, South Savo, Finland", --,0,0, --,USD,0,0,0.00%,0,0
Sweden, --,0,0, --,USD,0,0,0.00%,0,0
"Sondre Land Municipality, Innlandet, Norway", --,0,0, --,USD,0,0,0.00%,0,0
"Alajarvi, South Ostrobothnia, Finland", --,0,0, --,USD,0,0,0.00%,0,0
"Osteroy Municipality, Vestland, Norway", --,0,0, --,USD,0,0,0.00%,0,0
"3550, Buskerud, Norway", --,0,0, --,USD,0,0,0.00%,0,0
"Vestfold og Telemark, Norway", --,0,0, --,USD,0,0,0.00%,0,0
"South Savo, Finland", --,0,0, --,USD,0,0,0.00%,0,0
"Maynas Province, Loreto, Peru", --,0,0, --,USD,0,0,0.00%,0,0
"Nykarleby, Ostrobothnia, Finland", --,0,0, --,USD,0,0,0.00%,0,0
"Kvinnherad Municipality, Vestland, Norway", --,0,0, --,USD,0,0,0.00%,0,0
"Nastola, Paijat-Hame, Finland", --,0,0, --,USD,0,0,0.00%,0,0
"Stavanger Municipality, Rogaland, Norway", --,0,0, --,USD,0,0,0.00%,0,0
"Multia, Central Finland, Finland", --,0,0, --,USD,0,0,0.00%,0,0
"Volyn Oblast, Ukraine", --,0,0, --,USD,0,0,0.00%,0,0
"Tvedestrand Municipality, Agder, Norway", --,0,0, --,USD,0,0,0.00%,0,0
"Krodsherad Municipality, Buskerud, Norway", --,0,0, --,USD,0,0,0.00%,0,0
Argentina, --,0,0, --,USD,0,0,0.00%,0,0
"Lyngdal Municipality, Agder, Norway", --,0,0, --,USD,0,0,0.00%,0,0
"Tibu, North Santander, Colombia", --,0,0, --,USD,0,0,0.00%,0,0
"52200, South Savo, Finland", --,0,0, --,USD,0,0,0.00%,0,0
"Haegebostad Municipality, Agder, Norway", --,0,0, --,USD,0,0,0.00%,0,0
Kosovo, --,0,0, --,USD,0,0,0.00%,0,0
French Guiana, --,0,0, --,USD,0,0,0.00%,0,0
"Vennesla Municipality, Agder, Norway", --,0,0, --,USD,0,0,0.00%,0,0
"Ringebu Municipality, Innlandet, Norway", --,0,0, --,USD,0,0,0.00%,0,0
Montenegro, --,0,0, --,USD,0,0,0.00%,0,0
"Dovre Municipality, Innlandet, Norway", --,0,0, --,USD,0,0,0.00%,0,0
Switzerland, --,0,0, --,USD,0,0,0.00%,0,0
Albania, --,0,0, --,USD,0,0,0.00%,0,0
"2743, Akershus, Norway", --,0,0, --,USD,0,0,0.00%,0,0
"Guaiba, State of Rio Grande do Sul, Brazil", --,0,0, --,USD,0,0,0.00%,0,0
"Arendal Municipality, Agder, Norway", --,0,0, --,USD,0,0,0.00%,0,0
"Ulvik Municipality, Vestland, Norway", --,0,0, --,USD,0,0,0.00%,0,0
"Chatham Islands Territory, New Zealand", --,0,0, --,USD,0,0,0.00%,0,0
"Kerimaki, South Savo, Finland", --,0,0, --,USD,0,0,0.00%,0,0
"Ostfold, Norway", --,0,0, --,USD,0,0,0.00%,0,0
"3539, Buskerud, Norway", --,0,0, --,USD,0,0,0.00%,0,0
"Vojvodina, Serbia", --,0,0, --,USD,0,0,0.00%,0,0
"Bedfordshire, England, United Kingdom", --,0,0, --,USD,0,0,0.00%,0,0
"Lapua, South Ostrobothnia, Finland", --,0,0, --,USD,0,0,0.00%,0,0
"Etne Municipality, Vestland, Norway", --,0,0, --,USD,0,0,0.00%,0,0
"Grand Est, France", --,0,0, --,USD,0,0,0.00%,0,0
"Hollola, Paijat-Hame, Finland", --,0,0, --,USD,0,0,0.00%,0,0
San Marino, --,0,0, --,USD,0,0,0.00%,0,0
"2032, Akershus, Norway", --,0,0, --,USD,0,0,0.00%,0,0
"Vinje Municipality, Telemark, Norway", --,0,0, --,USD,0,0,0.00%,0,0
"Varmland County, Sweden", --,0,0, --,USD,0,0,0.00%,0,0
United Kingdom, --,0,0, --,USD,0,0,0.00%,0,0
"Essex, England, United Kingdom", --,0,0, --,USD,0,0,0.00%,0,0
"Nes, Akershus, Norway", --,0,0, --,USD,0,0,0.00%,0,0
"Rennesoy Municipality, Rogaland, Norway", --,0,0, --,USD,0,0,0.00%,0,0
"Loreto Province, Loreto, Peru", --,0,0, --,USD,0,0,0.00%,0,0
"Karkola, Paijat-Hame, Finland", --,0,0, --,USD,0,0,0.00%,0,0
"Aurland, Vestland, Norway", --,0,0, --,USD,0,0,0.00%,0,0
"Marijampole County, Lithuania", --,0,0, --,USD,0,0,0.00%,0,0
"4308, Rogaland, Norway", --,0,0, --,USD,0,0,0.00%,0,0
"Sivas, Turkiye", --,0,0, --,USD,0,0,0.00%,0,0
"Cuba, Missouri, United States", --,0,0, --,USD,0,0,0.00%,0,0
"Casanare, Colombia", --,0,0, --,USD,0,0,0.00%,0,0
"Masovian Voivodeship, Poland", --,0,0, --,USD,0,0,0.00%,0,0
"Khmelnytskyi Oblast, Ukraine", --,0,0, --,USD,0,0,0.00%,0,0
"Guatemala City, Guatemala Department, Guatemala", --,0,0, --,USD,0,0,0.00%,0,0
"Loreto, Peru", --,0,0, --,USD,0,0,0.00%,0,0
"West Pomeranian Voivodeship, Poland", --,0,0, --,USD,0,0,0.00%,0,0
"Vang Municipality, Innlandet, Norway", --,0,0, --,USD,0,0,0.00%,0,0
"Pelalawan Regency, Riau, Indonesia", --,0,0, --,USD,0,0,0.00%,0,0
"77600, North Savo, Finland", --,0,0, --,USD,0,0,0.00%,0,0
"Trondelag, Norway", --,0,0, --,USD,0,0,0.00%,0,0
"Jarpen, Jamtland County, Sweden", --,0,0, --,USD,0,0,0.00%,0,0
"Vasternorrland County, Sweden", --,0,0, --,USD,0,0,0.00%,0,0
"Lamas Province, San Martin, Peru", --,0,0, --,USD,0,0,0.00%,0,0
"Lahti, Paijat-Hame, Finland", --,0,0, --,USD,0,0,0.00%,0,0
"Suldal, Rogaland, Norway", --,0,0, --,USD,0,0,0.00%,0,0
Finland, --,0,0, --,USD,0,0,0.00%,0,0
"Seinajoki, South Ostrobothnia, Finland", --,0,0, --,USD,0,0,0.00%,0,0
"2636, Innlandet, Norway", --,0,0, --,USD,0,0,0.00%,0,0
"Dalarna County, Sweden", --,0,0, --,USD,0,0,0.00%,0,0
"Outokumpu, North Karelia, Finland", --,0,0, --,USD,0,0,0.00%,0,0
"Nynashamn Municipality, Stockholm County, Sweden", --,0,0, --,USD,0,0,0.00%,0,0
"Vestland, Norway", --,0,0, --,USD,0,0,0.00%,0,0
"Bygland Municipality, Agder, Norway", --,0,0, --,USD,0,0,0.00%,0,0
"Bjelovar-Bilogora County, Croatia", --,0,0, --,USD,0,0,0.00%,0,0
"51300, Grand Est, France", --,0,0, --,USD,0,0,0.00%,0,0
"Folldal Municipality, Innlandet, Norway", --,0,0, --,USD,0,0,0.00%,0,0
"South Caribbean Coast Autonomous Region, Nicaragua", --,0,0, --,USD,0,0,0.00%,0,0
"5760, Vestland, Norway", --,0,0, --,USD,0,0,0.00%,0,0
"Sirdal Municipality, Agder, Norway", --,0,0, --,USD,0,0,0.00%,0,0
"4480, Agder, Norway", --,0,0, --,USD,0,0,0.00%,0,0
"Saarijarvi, Central Finland, Finland", --,0,0, --,USD,0,0,0.00%,0,0
"Jamtland County, Sweden", --,0,0, --,USD,0,0,0.00%,0,0
Ireland, --,0,0, --,USD,0,0,0.00%,0,0
"4640, Agder, Norway", --,0,0, --,USD,0,0,0.00%,0,0
"Aseral Municipality, Agder, Norway", --,0,0, --,USD,0,0,0.00%,0,0
Malta, --,0,0, --,USD,0,0,0.00%,0,0
"Luster Municipality, Vestland, Norway", --,0,0, --,USD,0,0,0.00%,0,0
"Larvik Municipality, Vestfold, Norway", --,0,0, --,USD,0,0,0.00%,0,0
"Requena Province, Loreto, Peru", --,0,0, --,USD,0,0,0.00%,0,0
Portugal, --,0,0, --,USD,0,0,0.00%,0,0
"Pohja-Sakala Parish, Viljandi County, Estonia", --,0,0, --,USD,0,0,0.00%,0,0
"Sokndal, Rogaland, Norway", --,0,0, --,USD,0,0,0.00%,0,0
New Zealand, --,0,0, --,USD,0,0,0.00%,0,0
"Zhytomyr Oblast, Ukraine", --,0,0, --,USD,0,0,0.00%,0,0
"Oppdal Municipality, Trondelag, Norway", --,0,0, --,USD,0,0,0.00%,0,0
"San Juan Province, Argentina", --,0,0, --,USD,0,0,0.00%,0,0
"Audnedal, Agder, Norway", --,0,0, --,USD,0,0,0.00%,0,0
"Jarvso, Gavleborg County, Sweden", --,0,0, --,USD,0,0,0.00%,0,0
"Odesa Oblast, Ukraine", --,0,0, --,USD,0,0,0.00%,0,0
"Lund Municipality, Rogaland, Norway", --,0,0, --,USD,0,0,0.00%,0,0
Chile, --,0,0, --,USD,0,0,0.00%,0,0
"Pasvalys District Municipality, Panevezys County, Lithuania", --,0,0, --,USD,0,0,0.00%,0,0
Canada, --,0,0, --,USD,0,0,0.00%,0,0
"Rapla County, Estonia", --,0,0, --,USD,0,0,0.00%,0,0
"Nore og Uvdal Municipality, Buskerud, Norway", --,0,0, --,USD,0,0,0.00%,0,0
"Lindesnes Municipality, Agder, Norway", --,0,0, --,USD,0,0,0.00%,0,0
"Tori Parish, Parnu County, Estonia", --,0,0, --,USD,0,0,0.00%,0,0
"Sodermanland County, Sweden", --,0,0, --,USD,0,0,0.00%,0,0
"Hameenkoski, Paijat-Hame, Finland", --,0,0, --,USD,0,0,0.00%,0,0
"Eidfjord Municipality, Vestland, Norway", --,0,0, --,USD,0,0,0.00%,0,0
"Lubusz Voivodeship, Poland", --,0,0, --,USD,0,0,0.00%,0,0
"Heinavesi, Finland", --,0,0, --,USD,0,0,0.00%,0,0
"4516, Agder, Norway", --,0,0, --,USD,0,0,0.00%,0,0
"2670, Innlandet, Norway", --,0,0, --,USD,0,0,0.00%,0,0
"North Caribbean Coast Autonomous Region, Nicaragua", --,0,0, --,USD,0,0,0.00%,0,0
"Kaliningrad Oblast, Russia", --,0,0, --,USD,0,0,0.00%,0,0
"Vastra Gotaland County, Sweden", --,0,0, --,USD,0,0,0.00%,0,0
"Catamarca Province, Argentina", --,0,0, --,USD,0,0,0.00%,0,0
"Harju County, Estonia", --,0,0, --,USD,0,0,0.00%,0,0
"Vaga Municipality, Innlandet, Norway", --,0,0, --,USD,0,0,0.00%,0,0
"Ternopil Oblast, Ukraine", --,0,0, --,USD,0,0,0.00%,0,0
"Kehtna Parish, Rapla County, Estonia", --,0,0, --,USD,0,0,0.00%,0,0
Svalbard and Jan Mayen, --,0,0, --,USD,0,0,0.00%,0,0
"Rakvere Parish, Laane-Viru County, Estonia", --,0,0, --,USD,0,0,0.00%,0,0
Papua New Guinea, --,0,0, --,USD,0,0,0.00%,0,0
"Haugesund Municipality, Rogaland, Norway", --,0,0, --,USD,0,0,0.00%,0,0
"Vinnytsia Oblast, Ukraine", --,0,0, --,USD,0,0,0.00%,0,0
"Alvorada, State of Rio Grande do Sul, Brazil", --,0,0, --,USD,0,0,0.00%,0,0
"North Santander, Colombia", --,0,0, --,USD,0,0,0.00%,0,0
Turkiye, --,0,0, --,USD,0,0,0.00%,0,0
"Siak Regency, Riau, Indonesia", --,0,0, --,USD,0,0,0.00%,0,0
Italy, --,0,0, --,USD,0,0,0.00%,0,0
"Enkoping Municipality, Uppsala County, Sweden", --,0,0, --,USD,0,0,0.00%,0,0
"Hattfjelldal Municipality, Nordland, Norway", --,0,0, --,USD,0,0,0.00%,0,0
"Rivne Oblast, Ukraine", --,0,0, --,USD,0,0,0.00%,0,0
"Noo Parish, Tartu County, Estonia", --,0,0, --,USD,0,0,0.00%,0,0
"Arrondissement of Dreux, Centre-Val de Loire, France", --,0,0, --,USD,0,0,0.00%,0,0
"Kristiansand Municipality, Agder, Norway", --,0,0, --,USD,0,0,0.00%,0,0
"Kesalahti, North Karelia, Finland", --,0,0, --,USD,0,0,0.00%,0,0
"Nacozari de Garcia, Sonora, Mexico", --,0,0, --,USD,0,0,0.00%,0,0
"2625, Innlandet, Norway", --,0,0, --,USD,0,0,0.00%,0,0
"Riau, Indonesia", --,0,0, --,USD,0,0,0.00%,0,0
"Kuopio, North Savo, Finland", --,0,0, --,USD,0,0,0.00%,0,0
"3580, Buskerud, Norway", --,0,0, --,USD,0,0,0.00%,0,0
"Sandnes Municipality, Rogaland, Norway", --,0,0, --,USD,0,0,0.00%,0,0
Singapore, --,0,0, --,USD,0,0,0.00%,0,0
"Lodz Voivodeship, Poland", --,0,0, --,USD,0,0,0.00%,0,0
"Meta, Colombia", --,0,0, --,USD,0,0,0.00%,0,0
Denmark, --,0,0, --,USD,0,0,0.00%,0,0
"Bryansk Oblast, Russia", --,0,0, --,USD,0,0,0.00%,0,0
"Veneto, Italy", --,0,0, --,USD,0,0,0.00%,0,0
"Gomel Region, Belarus", --,0,0, --,USD,0,0,0.00%,0,0
"Strand, Rogaland, Norway", --,0,0, --,USD,0,0,0.00%,0,0
Romania, --,0,0, --,USD,0,0,0.00%,0,0
"Gavleborg County, Sweden", --,0,0, --,USD,0,0,0.00%,0,0
"Guarico, Venezuela", --,0,0, --,USD,0,0,0.00%,0,0
"Vasterbotten County, Sweden", --,0,0, --,USD,0,0,0.00%,0,0
"Panevezys County, Lithuania", --,0,0, --,USD,0,0,0.00%,0,0
Hungary, --,0,0, --,USD,0,0,0.00%,0,0
"4260, Rogaland, Norway", --,0,0, --,USD,0,0,0.00%,0,0
"Modum Municipality, Buskerud, Norway", --,0,0, --,USD,0,0,0.00%,0,0
"4250, Rogaland, Norway", --,0,0, --,USD,0,0,0.00%,0,0
"83900, North Karelia, Finland", --,0,0, --,USD,0,0,0.00%,0,0
"Pays de la Loire, France", --,0,0, --,USD,0,0,0.00%,0,0
"2150, Akershus, Norway", --,0,0, --,USD,0,0,0.00%,0,0
"Lower Normandy, Normandy, France", --,0,0, --,USD,0,0,0.00%,0,0
"7760, Trondelag, Norway", --,0,0, --,USD,0,0,0.00%,0,0
"Chaco Province, Argentina", --,0,0, --,USD,0,0,0.00%,0,0
"60550, South Ostrobothnia, Finland", --,0,0, --,USD,0,0,0.00%,0,0
"North Savo, Finland", --,0,0, --,USD,0,0,0.00%,0,0
Australia, --,0,0, --,USD,0,0,0.00%,0,0
"Bacs-Kiskun, Hungary", --,0,0, --,USD,0,0,0.00%,0,0
"Franche-Comte, Bourgogne-Franche-Comte, France", --,0,0, --,USD,0,0,0.00%,0,0
"Pakruojis District Municipality, Siauliai County, Lithuania", --,0,0, --,USD,0,0,0.00%,0,0
"Centre-Val de Loire, France", --,0,0, --,USD,0,0,0.00%,0,0
"San Luis Province, Argentina", --,0,0, --,USD,0,0,0.00%,0,0
"Telemark, Norway", --,0,0, --,USD,0,0,0.00%,0,0
"Flekkefjord Municipality, Agder, Norway", --,0,0, --,USD,0,0,0.00%,0,0
"Kyiv Oblast, Ukraine", --,0,0, --,USD,0,0,0.00%,0,0
"Rogaland, Norway", --,0,0, --,USD,0,0,0.00%,0,0
"Soini, South Ostrobothnia, Finland", --,0,0, --,USD,0,0,0.00%,0,0
"Kuyavian-Pomeranian Voivodeship, Poland", --,0,0, --,USD,0,0,0.00%,0,0
"Kontiolahti, North Karelia, Finland", --,0,0, --,USD,0,0,0.00%,0,0
"Presov Region, Slovakia", --,0,0, --,USD,0,0,0.00%,0,0
Ecuador, --,0,0, --,USD,0,0,0.00%,0,0
"3632, Buskerud, Norway", --,0,0, --,USD,0,0,0.00%,0,0
"4311, Rogaland, Norway", --,0,0, --,USD,0,0,0.00%,0,0
China, --,0,0, --,USD,0,0,0.00%,0,0
"Bergen, Vestland, Norway", --,0,0, --,USD,0,0,0.00%,0,0
"Viamao, State of Rio Grande do Sul, Brazil", --,0,0, --,USD,0,0,0.00%,0,0
"Vastmanland County, Sweden", --,0,0, --,USD,0,0,0.00%,0,0
"Faerder, Vestfold, Norway", --,0,0, --,USD,0,0,0.00%,0,0
Israel, --,0,0, --,USD,0,0,0.00%,0,0
"Gulen, Vestland, Norway", --,0,0, --,USD,0,0,0.00%,0,0
"Indragiri Hilir Regency, Riau, Indonesia", --,0,0, --,USD,0,0,0.00%,0,0
"North Karelia, Finland", --,0,0, --,USD,0,0,0.00%,0,0
"Ivano-Frankivsk Oblast, Ukraine", --,0,0, --,USD,0,0,0.00%,0,0
"Polvijarvi, North Karelia, Finland", --,0,0, --,USD,0,0,0.00%,0,0
"Marnardal Municipality, Agder, Norway", --,0,0, --,USD,0,0,0.00%,0,0
"Pomeranian Voivodeship, Poland", --,0,0, --,USD,0,0,0.00%,0,0
"Savonlinna, South Savo, Finland", --,0,0, --,USD,0,0,0.00%,0,0
"Laerdal Municipality, Vestland, Norway", --,0,0, --,USD,0,0,0.00%,0,0
Greece, --,0,0, --,USD,0,0,0.00%,0,0
"Juuka, North Karelia, Finland", --,0,0, --,USD,0,0,0.00%,0,0
"Gausdal Municipality, Innlandet, Norway", --,0,0, --,USD,0,0,0.00%,0,0
"Bomlo, Vestland, Norway", --,0,0, --,USD,0,0,0.00%,0,0
"Podlaskie Voivodeship, Poland", --,0,0, --,USD,0,0,0.00%,0,0
"Vestre Toten Municipality, Innlandet, Norway", --,0,0, --,USD,0,0,0.00%,0,0
Moldova, --,0,0, --,USD,0,0,0.00%,0,0
"Alytus County, Lithuania", --,0,0, --,USD,0,0,0.00%,0,0
"4521, Agder, Norway", --,0,0, --,USD,0,0,0.00%,0,0
France, --,0,0, --,USD,0,0,0.00%,0,0
"Hurdal Municipality, Akershus, Norway", --,0,0, --,USD,0,0,0.00%,0,0
Sri Lanka, --,0,0, --,USD,0,0,0.00%,0,0
"Swietokrzyskie Voivodeship, Poland", --,0,0, --,USD,0,0,0.00%,0,0
"Hol Municipality, Buskerud, Norway", --,0,0, --,USD,0,0,0.00%,0,0
"3158, Vestfold, Norway", --,0,0, --,USD,0,0,0.00%,0,0
"Ostrobothnia, Finland", --,0,0, --,USD,0,0,0.00%,0,0
Suriname, --,0,0, --,USD,0,0,0.00%,0,0
"Midtre Gauldal Municipality, Trondelag, Norway", --,0,0, --,USD,0,0,0.00%,0,0
Costa Rica, --,0,0, --,USD,0,0,0.00%,0,0
"Picota Province, San Martin, Peru", --,0,0, --,USD,0,0,0.00%,0,0
Belgium, --,0,0, --,USD,0,0,0.00%,0,0
"Rauland, Telemark, Norway", --,0,0, --,USD,0,0,0.00%,0,0
"4790, Agder, Norway", --,0,0, --,USD,0,0,0.00%,0,0
"Songdalen Municipality, Agder, Norway", --,0,0, --,USD,0,0,0.00%,0,0
"Jondal Municipality, Vestland, Norway", --,0,0, --,USD,0,0,0.00%,0,0
"Rautalampi, North Savo, Finland", --,0,0, --,USD,0,0,0.00%,0,0
Latvia, --,0,0, --,USD,0,0,0.00%,0,0
"Viljandi County, Estonia", --,0,0, --,USD,0,0,0.00%,0,0
"4520, Agder, Norway", --,0,0, --,USD,0,0,0.00%,0,0
Japan, --,0,0, --,USD,0,0,0.00%,0,0
"Central Finland, Finland", --,0,0, --,USD,0,0,0.00%,0,0
"Kosice Region, Slovakia", --,0,0, --,USD,0,0,0.00%,0,0
Belarus, --,0,0, --,USD,0,0,0.00%,0,0
"Waikato Region, New Zealand", --,0,0, --,USD,0,0,0.00%,0,0
"80400, North Karelia, Finland", --,0,0, --,USD,0,0,0.00%,0,0
"Kadrina Parish, Laane-Viru County, Estonia", --,0,0, --,USD,0,0,0.00%,0,0
Guyana, --,0,0, --,USD,0,0,0.00%,0,0
"Akrehamn, Rogaland, Norway", --,0,0, --,USD,0,0,0.00%,0,0
Serbia, --,0,0, --,USD,0,0,0.00%,0,0
"Vaksdal Municipality, Vestland, Norway", --,0,0, --,USD,0,0,0.00%,0,0
"3560, Buskerud, Norway", --,0,0, --,USD,0,0,0.00%,0,0
"Taurage County, Lithuania", --,0,0, --,USD,0,0,0.00%,0,0
"Innlandet, Norway", --,0,0, --,USD,0,0,0.00%,0,0
"Raakkyla, North Karelia, Finland", --,0,0, --,USD,0,0,0.00%,0,0
"Stockholm County, Sweden", --,0,0, --,USD,0,0,0.00%,0,0
"Nord-Aurdal Municipality, Innlandet, Norway", --,0,0, --,USD,0,0,0.00%,0,0
Peru, --,0,0, --,USD,0,0,0.00%,0,0
Venezuela, --,0,0, --,USD,0,0,0.00%,0,0
"Froland Municipality, Agder, Norway", --,0,0, --,USD,0,0,0.00%,0,0
"Evje og Hornnes Municipality, Agder, Norway", --,0,0, --,USD,0,0,0.00%,0,0
"Lillesand Municipality, Agder, Norway", --,0,0, --,USD,0,0,0.00%,0,0
United States, --,0,0, --,USD,0,0,0.00%,0,0
Cyprus, --,0,0, --,USD,0,0,0.00%,0,0
"Guaviare, Colombia", --,0,0, --,USD,0,0,0.00%,0,0
"Province of Belluno, Veneto, Italy", --,0,0, --,USD,0,0,0.00%,0,0
"10700, Grand Est, France", --,0,0, --,USD,0,0,0.00%,0,0
"Zakarpattia Oblast, Ukraine", --,0,0, --,USD,0,0,0.00%,0,0
Spain, --,0,0, --,USD,0,0,0.00%,0,0
"Orimattila, Paijat-Hame, Finland", --,0,0, --,USD,0,0,0.00%,0,0
"South Karelia, Finland", --,0,0, --,USD,0,0,0.00%,0,0
"Cruzeiro do Sul, State of Acre, Brazil", --,0,0, --,USD,0,0,0.00%,0,0
"Antioquia, Colombia", --,0,0, --,USD,0,0,0.00%,0,0
"Samnanger Municipality, Vestland, Norway", --,0,0, --,USD,0,0,0.00%,0,0
"83500, North Karelia, Finland", --,0,0, --,USD,0,0,0.00%,0,0
"Forsand Municipality, Rogaland, Norway", --,0,0, --,USD,0,0,0.00%,0,0
"Ullensvang, Vestland, Norway", --,0,0, --,USD,0,0,0.00%,0,0
"Dnipropetrovsk Oblast, Ukraine", --,0,0, --,USD,0,0,0.00%,0,0
"Uppsala County, Sweden", --,0,0, --,USD,0,0,0.00%,0,0
"South Ostrobothnia, Finland", --,0,0, --,USD,0,0,0.00%,0,0
"Paz de Ariporo, Casanare, Colombia", --,0,0, --,USD,0,0,0.00%,0,0
"4380, Rogaland, Norway", --,0,0, --,USD,0,0,0.00%,0,0
"5518, Rogaland, Norway", --,0,0, --,USD,0,0,0.00%,0,0
"Vestfold, Norway", --,0,0, --,USD,0,0,0.00%,0,0
"Oppdal, Trondelag, Norway", --,0,0, --,USD,0,0,0.00%,0,0
"Ostre Toten, Innlandet, Norway", --,0,0, --,USD,0,0,0.00%,0,0
"Chernivtsi Oblast, Ukraine", --,0,0, --,USD,0,0,0.00%,0,0
"Buskerud, Norway", --,0,0, --,USD,0,0,0.00%,0,0
"Sveio Municipality, Vestland, Norway", --,0,0, --,USD,0,0,0.00%,0,0
"Iasi County, Romania", --,0,0, --,USD,0,0,0.00%,0,0
Bolivia, --,0,0, --,USD,0,0,0.00%,0,0
"Lahti, Paijat-Hame, Finland", --,0,0, --,USD,0,0,0.00%,0,0
"Piura, Peru", --,0,0, --,USD,0,0,0.00%,0,0
"Mandal Municipality, Agder, Norway", --,0,0, --,USD,0,0,0.00%,0,0
"San Martin, Peru", --,0,0, --,USD,0,0,0.00%,0,0
North Macedonia, --,0,0, --,USD,0,0,0.00%,0,0
"Nord-Fron Municipality, Innlandet, Norway", --,0,0, --,USD,0,0,0.00%,0,0
"Central Bedfordshire, England, United Kingdom", --,0,0, --,USD,0,0,0.00%,0,0
Lithuania, --,0,0, --,USD,0,0,0.00%,0,0
"Picardy, Hauts-de-France, France", --,0,0, --,USD,0,0,0.00%,0,0
"Vora, Ostrobothnia, Finland", --,0,0, --,USD,0,0,0.00%,0,0
"Normandy, France", --,0,0, --,USD,0,0,0.00%,0,0
"Odda Municipality, Vestland, Norway", --,0,0, --,USD,0,0,0.00%,0,0
"Sogndal Municipality, Vestland, Norway", --,0,0, --,USD,0,0,0.00%,0,0
Saudi Arabia, --,0,0, --,USD,0,0,0.00%,0,0
"Sel Municipality, Innlandet, Norway", --,0,0, --,USD,0,0,0.00%,0,0
"Ruokolahti, South Karelia, Finland", --,0,0, --,USD,0,0,0.00%,0,0
"Agder, Norway", --,0,0, --,USD,0,0,0.00%,0,0
"Gran Municipality, Innlandet, Norway", --,0,0, --,USD,0,0,0.00%,0,0
"Zulia, Venezuela", --,0,0, --,USD,0,0,0.00%,0,0
"Parnu County, Estonia", --,0,0, --,USD,0,0,0.00%,0,0
"England, United Kingdom", --,0,0, --,USD,0,0,0.00%,0,0
"Akershus, Norway", --,0,0, --,USD,0,0,0.00%,0,0
"Vaslui County, Romania", --,0,0, --,USD,0,0,0.00%,0,0
"Nittedal Municipality, Akershus, Norway", --,0,0, --,USD,0,0,0.00%,0,0
"Kitee, North Karelia, Finland", --,0,0, --,USD,0,0,0.00%,0,0
"Kaunas County, Lithuania", --,0,0, --,USD,0,0,0.00%,0,0
"Stavanger, Rogaland, Norway", --,0,0, --,USD,0,0,0.00%,0,0
"Lunner Municipality, Akershus, Norway", --,0,0, --,USD,0,0,0.00%,0,0
Andorra, --,0,0, --,USD,0,0,0.00%,0,0
"Fusa Municipality, Vestland, Norway", --,0,0, --,USD,0,0,0.00%,0,0
"Valcea County, Romania", --,0,0, --,USD,0,0,0.00%,0,0
"Birkenes Municipality, Agder, Norway", --,0,0, --,USD,0,0,0.00%,0,0
"5570, Rogaland, Norway", --,0,0, --,USD,0,0,0.00%,0,0
Slovenia, --,0,0, --,USD,0,0,0.00%,0,0
"Grimstad Municipality, Agder, Norway", --,0,0, --,USD,0,0,0.00%,0,0
Nordre Land, --,0,0, --,USD,0,0,0.00%,0,0
"Engerdal Municipality, Innlandet, Norway", --,0,0, --,USD,0,0,0.00%,0,0
"Sulkava, South Savo, Finland", --,0,0, --,USD,0,0,0.00%,0,0
"Lviv Oblast, Ukraine", --,0,0, --,USD,0,0,0.00%,0,0
"Cundinamarca, Colombia", --,0,0, --,USD,0,0,0.00%,0,0
"Kuopio, North Savo, Finland", --,0,0, --,USD,0,0,0.00%,0,0
"Haugesund, Rogaland, Norway", --,0,0, --,USD,0,0,0.00%,0,0
Panama, --,0,0, --,USD,0,0,0.00%,0,0
"Kopervik, Rogaland, Norway", --,0,0, --,USD,0,0,0.00%,0,0
Poland, --,0,0, --,USD,0,0,0.00%,0,0
Germany, --,0,0, --,USD,0,0,0.00%,0,0
"Joensuu, North Karelia, Finland", --,0,0, --,USD,0,0,0.00%,0,0
Vestre Slidre, --,0,0, --,USD,0,0,0.00%,0,0
"Kampar Regency, Riau, Indonesia", --,0,0, --,USD,0,0,0.00%,0,0
"Gjesdal Municipality, Rogaland, Norway", --,0,0, --,USD,0,0,0.00%,0,0
Brazil, --,0,0, --,USD,0,0,0.00%,0,0
"Skjak, Innlandet, Norway", --,0,0, --,USD,0,0,0.00%,0,0
"Kvitsoy Municipality, Rogaland, Norway", --,0,0, --,USD,0,0,0.00%,0,0
"Varmdo Municipality, Stockholm County, Sweden", --,0,0, --,USD,0,0,0.00%,0,0
"Nannestad Municipality, Akershus, Norway", --,0,0, --,USD,0,0,0.00%,0,0
"Gorj County, Romania", --,0,0, --,USD,0,0,0.00%,0,0
Netherlands, --,0,0, --,USD,0,0,0.00%,0,0
"Jevnaker Municipality, Akershus, Norway", --,0,0, --,USD,0,0,0.00%,0,0
"Sauda Municipality, Rogaland, Norway", --,0,0, --,USD,0,0,0.00%,0,0
Croatia, --,0,0, --,USD,0,0,0.00%,0,0
Kuwait, --,0,0, --,USD,0,0,0.00%,0,0
"Datem del Maranon Province, Loreto, Peru", --,0,0, --,USD,0,0,0.00%,0,0
,Total: Locations,0,0, --,USD,0,0,0.00%,0,0
,Total: Other locations,0,0, --,USD,0,0,0.00%,0,0
,Total: Campaign,0,0, --,USD,0,0,0.00%,0,0
