Campaign,Campaign Status,Campaign Type,Campaign Daily Budget,Bid Strategy Type,Ad Group,Ad Group Status,Default Max CPC,Keyword,Keyword Match Type,Max CPC,Ad Type,Final URL,Path 1,Path 2,Headline 1,Headline 2,Headline 3,Headline 4,Headline 5,Headline 6,Headline 7,Headline 8,Headline 9,Headline 10,Headline 11,Headline 12,Headline 13,Headline 14,Headline 15,Description 1,Description 2,Description 3,Description 4,Status,,,,,,,,,,
Business Prosperity Rituals,Enabled,Search,40,Manual CPC,,,,,,,,,,,,,,,,,,,,,,,,,,,,,,,,,,Enabled,,,,,,
Business Prosperity Rituals,,,,,AG1 - Ritual for Business Success,Enabled,2.5,,,,,,,,,,,,,,,,,,,,,,,,,,,,,,,,,,Enabled,,,
Business Prosperity Rituals,,,,,AG1 - Ritual for Business Success,,,ritual for business success,Exact,3,,,,,,,,,,,,,,,,,,,,,,,,,,,,,,,,,,Enabled
Business Prosperity Rituals,,,,,AG1 - Ritual for Business Success,,,ritual for business success,Phrase,2,,,,,,,,,,,,,,,,,,,,,,,,,,,,,,,,,,Enabled
Business Prosperity Rituals,,,,,AG1 - Ritual for Business Success,,,ritual for business success,Broad,1.5,,,,,,,,,,,,,,,,,,,,,,,,,,,,,,,,,,Enabled
Business Prosperity Rituals,,,,,AG1 - Ritual for Business Success,,,,,,Responsive search ad,https://businesswealthkey.com/services/prosperity-rituals,Prosperity,Rituals,Ritual for Business Success,Attract Luck & Prosperity,Book a Private Consultation,Spiritual Business Rituals,Private Consultation Sessions,Worldwide Spiritual Guidance,Clear Your Business Path,Personalised Ritual Work,For Entrepreneurs & Executives,Remove Business Blockages,Attract Business Abundance,Confidential Sessions Online,Online Sessions Worldwide,Begin Your Journey Today,Shift Your Business Energy,Powerful prosperity rituals that activate business success and attract luck. Worldwide.,"Private rituals for entrepreneurs, executives & corporations. Book your session today.",Remove the invisible forces blocking your business growth. Fully confidential.,Personalised ritual sessions available online worldwide. Begin your journey today.,Enabled,,,,,,,,,,
Business Prosperity Rituals,,,,,AG2 - Luck Rituals for Business,Enabled,2.5,,,,,,,,,,,,,,,,,,,,,,,,,,,,,,,,,,Enabled,,,
Business Prosperity Rituals,,,,,AG2 - Luck Rituals for Business,,,luck rituals for business,Exact,3,,,,,,,,,,,,,,,,,,,,,,,,,,,,,,,,,,Enabled
Business Prosperity Rituals,,,,,AG2 - Luck Rituals for Business,,,luck rituals for business,Phrase,2,,,,,,,,,,,,,,,,,,,,,,,,,,,,,,,,,,Enabled
Business Prosperity Rituals,,,,,AG2 - Luck Rituals for Business,,,good luck rituals for business,Exact,3,,,,,,,,,,,,,,,,,,,,,,,,,,,,,,,,,,Enabled
Business Prosperity Rituals,,,,,AG2 - Luck Rituals for Business,,,good luck rituals for business,Phrase,2,,,,,,,,,,,,,,,,,,,,,,,,,,,,,,,,,,Enabled
Business Prosperity Rituals,,,,,AG2 - Luck Rituals for Business,,,luck rituals for business,Broad,1.5,,,,,,,,,,,,,,,,,,,,,,,,,,,,,,,,,,Enabled
Business Prosperity Rituals,,,,,AG2 - Luck Rituals for Business,,,,,,Responsive search ad,https://businesswealthkey.com/services/prosperity-rituals,Luck-Rituals,Business,Luck Rituals for Business,Attract Success & Prosperity,Book a Private Ritual Session,Good Luck Ritual Programmes,Attract Business Luck Today,Private Ritual Consultations,Prosperity Ritual Specialist,For Entrepreneurs Worldwide,Worldwide Online Sessions,Genuine Luck Ritual Work,Attract Wealth & Opportunity,Confidential Ritual Service,Trusted Ritual Practitioners,Begin Your Ritual Today,Personalised to Your Business,Personalised luck and prosperity rituals to attract business success and abundance.,"Serving entrepreneurs, executives & corporations worldwide. Fully confidential.",Genuine luck ritual work to shift the energy around your business. Private sessions.,Remove energetic resistance. Attract opportunity. Book your consultation today.,Enabled,,,,,,,,,,
Business Prosperity Rituals,,,,,AG3 - Financial Blockage Removal,Enabled,2.5,,,,,,,,,,,,,,,,,,,,,,,,,,,,,,,,,,Enabled,,,
Business Prosperity Rituals,,,,,AG3 - Financial Blockage Removal,,,financial blockage removal,Exact,3,,,,,,,,,,,,,,,,,,,,,,,,,,,,,,,,,,Enabled
Business Prosperity Rituals,,,,,AG3 - Financial Blockage Removal,,,financial blockage removal,Phrase,2,,,,,,,,,,,,,,,,,,,,,,,,,,,,,,,,,,Enabled
Business Prosperity Rituals,,,,,AG3 - Financial Blockage Removal,,,financial blockage removal,Broad,1.5,,,,,,,,,,,,,,,,,,,,,,,,,,,,,,,,,,Enabled
Business Prosperity Rituals,,,,,AG3 - Financial Blockage Removal,,,,,,Responsive search ad,https://businesswealthkey.com/services/prosperity-rituals,Blockage,Removal,Financial Blockage Removal,Restore Your Business Flow,Book a Private Consultation,Remove Financial Blockages,Restore Your Prosperity Flow,Clear Financial Obstacles,Expert Blockage Removal,Private Spiritual Guidance,For Business & Executives,Worldwide Online Sessions,Identify & Clear Blockages,Financial Clarity & Growth,Confidential Service Worldwide,Trusted Spiritual Guidance,Begin Your Recovery Today,Remove financial blockages holding your business back. Restore prosperity and growth.,"Private sessions for entrepreneurs, executives & corporations. Available worldwide.",Identify the root cause of financial stagnation. Expert spiritual guidance available.,Restore natural prosperity flow. Begin your private consultation today.,Enabled,,,,,,,,,,
Business Prosperity Rituals,,,,,AG4 - Spiritual Blockage Removal,Enabled,2.5,,,,,,,,,,,,,,,,,,,,,,,,,,,,,,,,,,Enabled,,,
Business Prosperity Rituals,,,,,AG4 - Spiritual Blockage Removal,,,spiritual blockage removal,Exact,3,,,,,,,,,,,,,,,,,,,,,,,,,,,,,,,,,,Enabled
Business Prosperity Rituals,,,,,AG4 - Spiritual Blockage Removal,,,spiritual blockage removal,Phrase,2,,,,,,,,,,,,,,,,,,,,,,,,,,,,,,,,,,Enabled
Business Prosperity Rituals,,,,,AG4 - Spiritual Blockage Removal,,,remove spiritual blockages,Exact,3,,,,,,,,,,,,,,,,,,,,,,,,,,,,,,,,,,Enabled
Business Prosperity Rituals,,,,,AG4 - Spiritual Blockage Removal,,,remove spiritual blockages,Phrase,2,,,,,,,,,,,,,,,,,,,,,,,,,,,,,,,,,,Enabled
Business Prosperity Rituals,,,,,AG4 - Spiritual Blockage Removal,,,remove spiritual blockage,Exact,3,,,,,,,,,,,,,,,,,,,,,,,,,,,,,,,,,,Enabled
Business Prosperity Rituals,,,,,AG4 - Spiritual Blockage Removal,,,remove spiritual blockage,Phrase,2,,,,,,,,,,,,,,,,,,,,,,,,,,,,,,,,,,Enabled
Business Prosperity Rituals,,,,,AG4 - Spiritual Blockage Removal,,,spiritual blockage removal,Broad,1.5,,,,,,,,,,,,,,,,,,,,,,,,,,,,,,,,,,Enabled
Business Prosperity Rituals,,,,,AG4 - Spiritual Blockage Removal,,,,,,Responsive search ad,https://businesswealthkey.com/services/prosperity-rituals,Spiritual,Clearing,Remove Spiritual Blockages,Restore Prosperity & Flow,Book a Private Session,Spiritual Blockage Removal,Clear Your Business Energy,Expert Spiritual Guidance,Private Ritual Sessions,Identify Hidden Blockages,For Entrepreneurs Worldwide,Worldwide Online Sessions,Restore Your Prosperity Flow,Confidential Spiritual Work,Trusted Spiritual Specialists,Begin Your Journey Today,Personalised Removal Rituals,Identify and remove spiritual blockages suppressing your business success and prosperity.,"Private ritual work for entrepreneurs, executives & corporations. Worldwide service.",Spiritual blockage removal restores the natural flow of prosperity to your business.,Private and confidential sessions online. Begin your spiritual clearing today.,Enabled,,,,,,,,,,
